{
    "options": {
        "title": "云搜二期 - 进度表及页面索引",
        "bgcolor": "#007cfa",
        "colwidth": [2, 4, 2, 2],
        "coltype": ["时间", "内容", "兼容情况", "进度"],
        "author": "v_oceansong(宋海洋)",
        "telephone": "73695",
        "compatibility": ["chrome", "safari", "firefox", "ie9", "ie8"],
        "document": ["README.md", "README.html"]
    },
    "pages": [{
        "date": "12.14",
        "content": {
            "name": "云搜索开放平台-新建应用—基本信息填写",
            "url": "yunsou2_center_new.html"
        },
        "compatibility": ["chrome", "safari", "firefox", "ie9", "ie8"],
        "schedule": 80
    }, {
        "date": "12.15",
        "content": {
            "name": "云搜索开放平台-新建应用—定义应用结构",
            "url": "yunsou2_center_framework.html"
        },
        "compatibility": ["chrome", "safari", "firefox", "ie9", "ie8"],
        "schedule": 80
    }, {
        "date": "12.15",
        "content": {
            "name": "云搜索开放平台-新建应用—确认配置",
            "url": "yunsou2_center_confirm.html"
        },
        "compatibility": ["chrome", "safari", "firefox", "ie9", "ie8"],
        "schedule": 80
    }, {
        "date": "12.15",
        "content": {
            "name": "云搜索开放平台-新建应用—创建成功",
            "url": "yunsou2_center_success.html"
        },
        "compatibility": ["chrome", "safari", "firefox", "ie9", "ie8"],
        "schedule": 80
    }, {
        "date": "12.21",
        "content": {
            "name": "云搜索开放平台-应用管理—基本信息",
            "url": "yunsou2_application_manage.html"
        },
        "compatibility": ["chrome", "safari", "firefox", "ie9", "ie8"],
        "schedule": 80
    }, {
        "date": "12.22",
        "content": {
            "name": "云搜索开放平台-应用管理—选购方案-已激活（升降级）",
            "url": "yunsou2_application_bought.html"
        },
        "compatibility": ["chrome", "safari", "firefox", "ie9", "ie8"],
        "schedule": 80
    }, {
        "date": "12.22",
        "content": {
            "name": "云搜索开放平台-应用管理—选购方案",
            "url": "yunsou2_application_choose.html"
        },
        "compatibility": ["chrome", "safari", "firefox", "ie9", "ie8"],
        "schedule": 80
    }, {
        "date": "12.22",
        "content": {
            "name": "云搜索开放平台-应用管理—选购方案-修改配置",
            "url": "yunsou2_application_change.html"
        },
        "compatibility": ["chrome", "safari", "firefox", "ie9", "ie8"],
        "schedule": 80
    }, {
        "date": "12.22",
        "content": {
            "name": "云搜索开放平台-高级组件-分词方式-有权限（配置）",
            "url": "yunsou2_application_segment.html"
        },
        "compatibility": ["chrome", "safari", "firefox", "ie9", "ie8"],
        "schedule": 80
    }, {
        "date": "12.22",
        "content": {
            "name": "云搜索开放平台-高级组件-分词方式-无权限（说明）",
            "url": "yunsou2_application_segment_limit.html"
        },
        "compatibility": ["chrome", "safari", "firefox", "ie9", "ie8"],
        "schedule": 80
    }, {
        "date": "12.22",
        "content": {
            "name": "云搜索开放平台-到期提示",
            "url": "yunsou2_application_manage_expired.html"
        },
        "compatibility": ["chrome", "safari", "firefox", "ie9", "ie8"],
        "schedule": 80
    }, {
        "date": "12.22",
        "content": {
            "name": "云搜索开放平台-问卷",
            "url": "yunsou2_questions.html"
        },
        "compatibility": ["chrome", "safari", "firefox", "ie9", "ie8"],
        "schedule": 80
    }]
}
